Workbook

Sheet Raw Data
A1: Month | B1: Client | C1: Industry | D1: Service Type | E1: Revenue (BDT) | F1: Project Status | G1: Report Time (hrs) | H1: Satisfaction (1-5) | I1: KPI Achievement (%) | J1: New Leads | K1: Conversions | L1: Region | M1: Team Size | N1: On-Time
A2: Mar-25 | B2: Adila Apparels | C2: Garments | D2: Custom Software Dev | E2: 838 | F2: Active | G2: 17 | H2: 3.6 | I2: 62 | J2: 11 | K2: 4 | L2: Dhaka | M2: 6 | N2: Yes
A3: Mar-25 | B3: Chai Break | C3: F&B | D3: AI & ML Solutions | E3: 857 | F3: Completed | G3: 18 | H3: 3.5 | I3: 61 | J3: 11 | K3: 4 | L3: Dhaka | M3: 2 | N3: Yes
A4: Mar-25 | B4: Fair Farm BD | C4: AgriTech | D4: Data Analytics | E4: 1026 | F4: Active | G4: 19 | H4: 3.6 | I4: 65 | J4: 13 | K4: 5 | L4: Dhaka | M4: 4 | N4: Yes
A5: Mar-25 | B5: Infinabel | C5: E-commerce | D5: Digital Transformation | E5: 1170 | F5: Active | G5: 17 | H5: 3.7 | I5: 62 | J5: 13 | K5: 6 | L5: Dhaka | M5: 3 | N5: Yes
A6: Mar-25 | B6: Nodi Bangla | C6: Media | D6: Custom Software Dev | E6: 1302 | F6: Completed | G6: 18 | H6: 3.5 | I6: 64 | J6: 10 | K6: 5 | L6: Chittagong | M6: 6 | N6: Yes
A7: Mar-25 | B7: Robust Developments | C7: Real Estate | D7: Data Analytics | E7: 1262 | F7: Active | G7: 17 | H7: 3.6 | I7: 65 | J7: 10 | K7: 5 | L7: Dhaka | M7: 4 | N7: No
A8: Mar-25 | B8: Monoara Jahur | C8: Manufacturing | D8: AI & ML Solutions | E8: 1484 | F8: Active | G8: 19 | H8: 3.7 | I8: 63 | J8: 14 | K8: 6 | L8: Dhaka | M8: 2 | N8: Yes
A9: Mar-25 | B9: TechnoVate BD | C9: IT Services | D9: Digital Transformation | E9: 1547 | F9: On Hold | G9: 18 | H9: 3.7 | I9: 67 | J9: 11 | K9: 4 | L9: Chittagong | M9: 5 | N9: Yes
A10: Apr-25 | B10: Adila Apparels | C10: Garments | D10: Custom Software Dev | E10: 970 | F10: Active | G10: 17 | H10: 3.6 | I10: 67 | J10: 13 | K10: 7 | L10: Dhaka | M10: 2 | N10: Yes
A11: Apr-25 | B11: Chai Break | C11: F&B | D11: AI & ML Solutions | E11: 1082 | F11: Completed | G11: 16 | H11: 3.7 | I11: 66 | J11: 13 | K11: 6 | L11: Dhaka | M11: 6 | N11: Yes
A12: Apr-25 | B12: Fair Farm BD | C12: AgriTech | D12: Data Analytics | E12: 1125 | F12: Active | G12: 17 | H12: 3.8 | I12: 71 | J12: 12 | K12: 5 | L12: Dhaka | M12: 4 | N12: Yes
A13: Apr-25 | B13: Infinabel | C13: E-commerce | D13: Digital Transformation | E13: 1271 | F13: Active | G13: 16 | H13: 3.6 | I13: 69 | J13: 14 | K13: 6 | L13: Dhaka | M13: 5 | N13: Yes
... A97: Feb-26 | B97: TechnoVate BD | C97: IT Services | D97: Digital Transformation | E97: 3899 | F97: On Hold | G97: 9 | H97: 4.6 | I97: 96 | J97: 27 | K97: 13 | L97: Chittagong | M97: 6 | N97: No

Sheet KPI Summary
A1: TRILIANT DATA — BUSINESS PERFORMANCE DASHBOARD
A2: Bangladesh Operations · Mar 2025 – Feb 2026 · Analyst: Md. Abul Bashar Nirob
A4: Total Revenue | D4: Avg Satisfaction | G4: Avg Report Time | J4: Active Clients
A5: =SUMIF('Raw Data'!A:A,"*",'Raw Data'!E:E) -> 210260 | D5: =AVERAGE('Raw Data'!H:H) -> 4.1364583 | G5: =AVERAGE('Raw Data'!G:G) -> 13.197917 | J5: 8
A6: BDT | D6: /5.0 | G6: hrs | J6: clients
A9: MONTHLY PERFORMANCE SUMMARY
A10: Month | B10: Revenue (BDT) | C10: Avg Report Time | D10: Avg Satisfaction | E10: KPI Achievement % | F10: New Leads | G10: Conversions | H10: Conv Rate | I10: MoM Growth
A11: Mar-25 | B11: =SUMPRODUCT(('Raw Data'!A$2:A$1000="Mar-25")*'Raw Data'!E$2:E$1000) -> 9486 | C11: =AVERAGEIF('Raw Data'!A:A,"Mar-25",'Raw Data'!G:G) -> 17.875 | D11: =AVERAGEIF('Raw Data'!A:A,"Mar-25",'Raw Data'!H:H) -> 3.6125 | E11: =AVERAGEIF('Raw Data'!A:A,"Mar-25",'Raw Data'!I:I) -> 63.625 | F11: =SUMIF('Raw Data'!A:A,"Mar-25",'Raw Data'!J:J) -> 93 | G11: =SUMIF('Raw Data'!A:A,"Mar-25",'Raw Data'!K:K) -> 39 | H11: =G11/F11 -> 0.41935484
A12: Apr-25 | B12: =SUMPRODUCT(('Raw Data'!A$2:A$1000="Apr-25")*'Raw Data'!E$2:E$1000) -> 10812 | C12: =AVERAGEIF('Raw Data'!A:A,"Apr-25",'Raw Data'!G:G) -> 16.875 | D12: =AVERAGEIF('Raw Data'!A:A,"Apr-25",'Raw Data'!H:H) -> 3.7 | E12: =AVERAGEIF('Raw Data'!A:A,"Apr-25",'Raw Data'!I:I) -> 68.5 | F12: =SUMIF('Raw Data'!A:A,"Apr-25",'Raw Data'!J:J) -> 108 | G12: =SUMIF('Raw Data'!A:A,"Apr-25",'Raw Data'!K:K) -> 49 | H12: =G12/F12 -> 0.4537037 | I12: =(B12-B11)/B11 -> 0.13978495
A13: May-25 | B13: =SUMPRODUCT(('Raw Data'!A$2:A$1000="May-25")*'Raw Data'!E$2:E$1000) -> 12819 | C13: =AVERAGEIF('Raw Data'!A:A,"May-25",'Raw Data'!G:G) -> 16.25 | D13: =AVERAGEIF('Raw Data'!A:A,"May-25",'Raw Data'!H:H) -> 3.7875 | E13: =AVERAGEIF('Raw Data'!A:A,"May-25",'Raw Data'!I:I) -> 72.5 | F13: =SUMIF('Raw Data'!A:A,"May-25",'Raw Data'!J:J) -> 121 | G13: =SUMIF('Raw Data'!A:A,"May-25",'Raw Data'!K:K) -> 62 | H13: =G13/F13 -> 0.51239669 | I13: =(B13-B12)/B12 -> 0.18562708
A14: Jun-25 | B14: =SUMPRODUCT(('Raw Data'!A$2:A$1000="Jun-25")*'Raw Data'!E$2:E$1000) -> 13752 | C14: =AVERAGEIF('Raw Data'!A:A,"Jun-25",'Raw Data'!G:G) -> 14.875 | D14: =AVERAGEIF('Raw Data'!A:A,"Jun-25",'Raw Data'!H:H) -> 3.8875 | E14: =AVERAGEIF('Raw Data'!A:A,"Jun-25",'Raw Data'!I:I) -> 75.25 | F14: =SUMIF('Raw Data'!A:A,"Jun-25",'Raw Data'!J:J) -> 127 | G14: =SUMIF('Raw Data'!A:A,"Jun-25",'Raw Data'!K:K) -> 56 | H14: =G14/F14 -> 0.44094488 | I14: =(B14-B13)/B13 -> 0.072782588
A15: Jul-25 | B15: =SUMPRODUCT(('Raw Data'!A$2:A$1000="Jul-25")*'Raw Data'!E$2:E$1000) -> 15806 | C15: =AVERAGEIF('Raw Data'!A:A,"Jul-25",'Raw Data'!G:G) -> 14.25 | D15: =AVERAGEIF('Raw Data'!A:A,"Jul-25",'Raw Data'!H:H) -> 3.975 | E15: =AVERAGEIF('Raw Data'!A:A,"Jul-25",'Raw Data'!I:I) -> 78.75 | F15: =SUMIF('Raw Data'!A:A,"Jul-25",'Raw Data'!J:J) -> 140 | G15: =SUMIF('Raw Data'!A:A,"Jul-25",'Raw Data'!K:K) -> 67 | H15: =G15/F15 -> 0.47857143 | I15: =(B15-B14)/B14 -> 0.14936009
A16: Aug-25 | B16: =SUMPRODUCT(('Raw Data'!A$2:A$1000="Aug-25")*'Raw Data'!E$2:E$1000) -> 18052 | C16: =AVERAGEIF('Raw Data'!A:A,"Aug-25",'Raw Data'!G:G) -> 12.875 | D16: =AVERAGEIF('Raw Data'!A:A,"Aug-25",'Raw Data'!H:H) -> 4.1125 | E16: =AVERAGEIF('Raw Data'!A:A,"Aug-25",'Raw Data'!I:I) -> 82.375 | F16: =SUMIF('Raw Data'!A:A,"Aug-25",'Raw Data'!J:J) -> 156 | G16: =SUMIF('Raw Data'!A:A,"Aug-25",'Raw Data'!K:K) -> 76 | H16: =G16/F16 -> 0.48717949 | I16: =(B16-B15)/B15 -> 0.14209794
A17: Sep-25 | B17: =SUMPRODUCT(('Raw Data'!A$2:A$1000="Sep-25")*'Raw Data'!E$2:E$1000) -> 17112 | C17: =AVERAGEIF('Raw Data'!A:A,"Sep-25",'Raw Data'!G:G) -> 13.125 | D17: =AVERAGEIF('Raw Data'!A:A,"Sep-25",'Raw Data'!H:H) -> 4.0875 | E17: =AVERAGEIF('Raw Data'!A:A,"Sep-25",'Raw Data'!I:I) -> 80 | F17: =SUMIF('Raw Data'!A:A,"Sep-25",'Raw Data'!J:J) -> 145 | G17: =SUMIF('Raw Data'!A:A,"Sep-25",'Raw Data'!K:K) -> 67 | H17: =G17/F17 -> 0.46206897 | I17: =(B17-B16)/B16 -> -0.052071793
A18: Oct-25 | B18: =SUMPRODUCT(('Raw Data'!A$2:A$1000="Oct-25")*'Raw Data'!E$2:E$1000) -> 19579 | C18: =AVERAGEIF('Raw Data'!A:A,"Oct-25",'Raw Data'!G:G) -> 11.75 | D18: =AVERAGEIF('Raw Data'!A:A,"Oct-25",'Raw Data'!H:H) -> 4.3 | E18: =AVERAGEIF('Raw Data'!A:A,"Oct-25",'Raw Data'!I:I) -> 85.75 | F18: =SUMIF('Raw Data'!A:A,"Oct-25",'Raw Data'!J:J) -> 181 | G18: =SUMIF('Raw Data'!A:A,"Oct-25",'Raw Data'!K:K) -> 92 | H18: =G18/F18 -> 0.50828729 | I18: =(B18-B17)/B17 -> 0.14416784
A19: Nov-25 | B19: =SUMPRODUCT(('Raw Data'!A$2:A$1000="Nov-25")*'Raw Data'!E$2:E$1000) -> 21211 | C19: =AVERAGEIF('Raw Data'!A:A,"Nov-25",'Raw Data'!G:G) -> 11.5 | D19: =AVERAGEIF('Raw Data'!A:A,"Nov-25",'Raw Data'!H:H) -> 4.3875 | E19: =AVERAGEIF('Raw Data'!A:A,"Nov-25",'Raw Data'!I:I) -> 88.875 | F19: =SUMIF('Raw Data'!A:A,"Nov-25",'Raw Data'!J:J) -> 190 | G19: =SUMIF('Raw Data'!A:A,"Nov-25",'Raw Data'!K:K) -> 96 | H19: =G19/F19 -> 0.50526316 | I19: =(B19-B18)/B18 -> 0.083354615
A20: Dec-25 | B20: =SUMPRODUCT(('Raw Data'!A$2:A$1000="Dec-25")*'Raw Data'!E$2:E$1000) -> 23648 | C20: =AVERAGEIF('Raw Data'!A:A,"Dec-25",'Raw Data'!G:G) -> 10.25 | D20: =AVERAGEIF('Raw Data'!A:A,"Dec-25",'Raw Data'!H:H) -> 4.5125 | E20: =AVERAGEIF('Raw Data'!A:A,"Dec-25",'Raw Data'!I:I) -> 90.625 | F20: =SUMIF('Raw Data'!A:A,"Dec-25",'Raw Data'!J:J) -> 208 | G20: =SUMIF('Raw Data'!A:A,"Dec-25",'Raw Data'!K:K) -> 106 | H20: =G20/F20 -> 0.50961538 | I20: =(B20-B19)/B19 -> 0.11489322
A21: Jan-26 | B21: =SUMPRODUCT(('Raw Data'!A$2:A$1000="Jan-26")*'Raw Data'!E$2:E$1000) -> 23437 | C21: =AVERAGEIF('Raw Data'!A:A,"Jan-26",'Raw Data'!G:G) -> 9.5 | D21: =AVERAGEIF('Raw Data'!A:A,"Jan-26",'Raw Data'!H:H) -> 4.575 | E21: =AVERAGEIF('Raw Data'!A:A,"Jan-26",'Raw Data'!I:I) -> 90.125 | F21: =SUMIF('Raw Data'!A:A,"Jan-26",'Raw Data'!J:J) -> 204 | G21: =SUMIF('Raw Data'!A:A,"Jan-26",'Raw Data'!K:K) -> 101 | H21: =G21/F21 -> 0.49509804 | I21: =(B21-B20)/B20 -> -0.0089225304
A22: Feb-26 | B22: =SUMPRODUCT(('Raw Data'!A$2:A$1000="Feb-26")*'Raw Data'!E$2:E$1000) -> 24546 | C22: =AVERAGEIF('Raw Data'!A:A,"Feb-26",'Raw Data'!G:G) -> 9.25 | D22: =AVERAGEIF('Raw Data'!A:A,"Feb-26",'Raw Data'!H:H) -> 4.7 | E22: =AVERAGEIF('Raw Data'!A:A,"Feb-26",'Raw Data'!I:I) -> 93.75 | F22: =SUMIF('Raw Data'!A:A,"Feb-26",'Raw Data'!J:J) -> 228 | G22: =SUMIF('Raw Data'!A:A,"Feb-26",'Raw Data'!K:K) -> 112 | H22: =G22/F22 -> 0.49122807 | I22: =(B22-B21)/B21 -> 0.047318343
A23: TOTAL / AVG | B23: =SUM(B11:B22) -> 210260 | C23: =AVERAGE(C11:C22) -> 13.197917 | D23: =AVERAGE(D11:D22) -> 4.1364583 | E23: =AVERAGE(E11:E22) -> 80.84375 | F23: =SUM(F11:F22) -> 1901 | G23: =SUM(G11:G22) -> 923 | H23: =G23/F23 -> 0.48553393 | I23: =(B22-B11)/B11 -> 1.5876028

Sheet Client Tracker
A1: CLIENT PORTFOLIO TRACKER — TRILIANT DATA
A3: Client | B3: Industry | C3: Service Type | D3: Total Revenue (BDT) | E3: Months Active | F3: Avg Satisfaction | G3: Avg KPI Ach % | H3: Region | I3: Status
A4: Adila Apparels | B4: Garments | C4: Custom Software Dev | D4: =SUMIF('Raw Data'!B:B,"Adila Apparels",'Raw Data'!E:E) -> 18728 | E4: 12 | F4: =AVERAGEIF('Raw Data'!B:B,"Adila Apparels",'Raw Data'!H:H) -> 4.1166667 | G4: =AVERAGEIF('Raw Data'!B:B,"Adila Apparels",'Raw Data'!I:I) -> 80.666667 | H4: Dhaka | I4: Active
A5: Chai Break | B5: F&B | C5: AI & ML Solutions | D5: =SUMIF('Raw Data'!B:B,"Chai Break",'Raw Data'!E:E) -> 21196 | E5: 12 | F5: =AVERAGEIF('Raw Data'!B:B,"Chai Break",'Raw Data'!H:H) -> 4.1416667 | G5: =AVERAGEIF('Raw Data'!B:B,"Chai Break",'Raw Data'!I:I) -> 80.416667 | H5: Dhaka | I5: Completed
A6: Fair Farm BD | B6: AgriTech | C6: Data Analytics | D6: =SUMIF('Raw Data'!B:B,"Fair Farm BD",'Raw Data'!E:E) -> 22940 | E6: 12 | F6: =AVERAGEIF('Raw Data'!B:B,"Fair Farm BD",'Raw Data'!H:H) -> 4.1416667 | G6: =AVERAGEIF('Raw Data'!B:B,"Fair Farm BD",'Raw Data'!I:I) -> 81.583333 | H6: Dhaka | I6: Active
A7: Infinabel | B7: E-commerce | C7: Digital Transformation | D7: =SUMIF('Raw Data'!B:B,"Infinabel",'Raw Data'!E:E) -> 25254 | E7: 12 | F7: =AVERAGEIF('Raw Data'!B:B,"Infinabel",'Raw Data'!H:H) -> 4.1583333 | G7: =AVERAGEIF('Raw Data'!B:B,"Infinabel",'Raw Data'!I:I) -> 81.083333 | H7: Dhaka | I7: Active
A8: Nodi Bangla | B8: Media | C8: Custom Software Dev | D8: =SUMIF('Raw Data'!B:B,"Nodi Bangla",'Raw Data'!E:E) -> 27128 | E8: 12 | F8: =AVERAGEIF('Raw Data'!B:B,"Nodi Bangla",'Raw Data'!H:H) -> 4.125 | G8: =AVERAGEIF('Raw Data'!B:B,"Nodi Bangla",'Raw Data'!I:I) -> 80.75 | H8: Chittagong | I8: Completed
A9: Robust Developments | B9: Real Estate | C9: Data Analytics | D9: =SUMIF('Raw Data'!B:B,"Robust Developments",'Raw Data'!E:E) -> 29398 | E9: 12 | F9: =AVERAGEIF('Raw Data'!B:B,"Robust Developments",'Raw Data'!H:H) -> 4.1583333 | G9: =AVERAGEIF('Raw Data'!B:B,"Robust Developments",'Raw Data'!I:I) -> 81.416667 | H9: Dhaka | I9: Active
A10: Monoara Jahur | B10: Manufacturing | C10: AI & ML Solutions | D10: =SUMIF('Raw Data'!B:B,"Monoara Jahur",'Raw Data'!E:E) -> 31616 | E10: 12 | F10: =AVERAGEIF('Raw Data'!B:B,"Monoara Jahur",'Raw Data'!H:H) -> 4.125 | G10: =AVERAGEIF('Raw Data'!B:B,"Monoara Jahur",'Raw Data'!I:I) -> 80.083333 | H10: Dhaka | I10: Active
A11: TechnoVate BD | B11: IT Services | C11: Digital Transformation | D11: =SUMIF('Raw Data'!B:B,"TechnoVate BD",'Raw Data'!E:E) -> 34000 | E11: 12 | F11: =AVERAGEIF('Raw Data'!B:B,"TechnoVate BD",'Raw Data'!H:H) -> 4.125 | G11: =AVERAGEIF('Raw Data'!B:B,"TechnoVate BD",'Raw Data'!I:I) -> 80.75 | H11: Chittagong | I11: On Hold

Sheet Charts
A1: VISUAL ANALYTICS
A3: Month | B3: Revenue (BDT '000) | C3: Report Time (hrs) | D3: Avg Satisfaction | E3: KPI Achievement % | F3: New Leads
A4: Mar-25 | B4: 9.3 | C4: 18 | D4: 3.6 | E4: 64 | F4: 12
A5: Apr-25 | B5: 10.8 | C5: 17 | D5: 3.7 | E5: 68 | F5: 14
A6: May-25 | B6: 12.5 | C6: 16 | D6: 3.8 | E6: 71 | F6: 15
A7: Jun-25 | B7: 14 | C7: 15 | D7: 3.9 | E7: 74 | F7: 17
A8: Jul-25 | B8: 15.9 | C8: 14 | D8: 4 | E8: 78 | F8: 18
A9: Aug-25 | B9: 17.9 | C9: 13 | D9: 4.1 | E9: 82 | F9: 20
A10: Sep-25 | B10: 16.9 | C10: 13 | D10: 4.1 | E10: 80 | F10: 19
A11: Oct-25 | B11: 19.5 | C11: 12 | D11: 4.3 | E11: 86 | F11: 22
A12: Nov-25 | B12: 21.4 | C12: 11 | D12: 4.4 | E12: 88 | F12: 24
A13: Dec-25 | B13: 23.3 | C13: 10 | D13: 4.5 | E13: 91 | F13: 26
A14: Jan-26 | B14: 22.6 | C14: 9 | D14: 4.6 | E14: 90 | F14: 25
A15: Feb-26 | B15: 25 | C15: 9 | D15: 4.7 | E15: 94 | F15: 28
